교육과정,기수,분류,교육시작일,교육종료일,교육장소,교육인원,전반만족도,역량향상도,현업적용도,교과편만족도,강의만족도,종합만족도,순위
소통과 공감 과정,4,기본(기본),2024-07-18,2024-07-19,현장캠퍼스,11,5,5,5,5,5,4.97,1
소통과 공감 과정,6,기본(기본),2024-08-29,2024-08-30,현장캠퍼스,16,4.94,4.94,4.94,5,4.93,4.959,2
소통과 공감 과정,10,기본(기본),2024-11-28,2024-11-29,현장캠퍼스,17,4.94,4.82,4.88,4.76,4.92,4.914,3
승마 과정,2,직무(인문·소양),2024-11-06,2024-11-08,현장캠퍼스,20,4.83,4.83,4.72,4.83,4.89,4.882,4
면접관 양성 과정,1,직무(공통),2024-07-03,2024-07-05,인재개발원,12,4.91,4.82,4.73,5,4.98,4.874,5
소통과 공감 과정,1,기본(기본),2024-03-21,2024-03-22,현장캠퍼스,13,4.92,4.85,4.85,4.85,4.84,4.849,6
강사양성 과정,1,직무(공통),2024-04-24,2024-04-26,인재개발원,8,5,5,4.88,5,4.99,4.846,7
코칭 리더십 과정,1,기본(리더십),2024-06-19,2024-06-20,현장캠퍼스,10,4.9,4.9,4.9,4.9,4.9,4.842,8
드론 이해 및 행정 활용 과정,2,핵심(디지털),2024-05-29,2024-05-31,현장캠퍼스,17,4.88,4.88,4.76,4.88,4.86,4.823,9
소통과 공감 과정,2,기본(기본),2024-04-25,2024-04-26,현장캠퍼스,18,4.72,4.72,4.78,4.78,4.93,4.813,10
1인 방송과 영상제작 과정,2,핵심(디지털),2024-11-20,2024-11-22,인재개발원,27,4.92,4.85,4.65,4.77,4.92,4.812,11
지리산 천왕봉 힐링 과정,1,직무(인문·소양),2024-05-08,2024-05-10,현장캠퍼스,36,4.86,4.77,4.71,4.8,4.75,4.806,12
업무용 오피스 활용 과정,1,핵심(디지털),2024-03-13,2024-03-15,인재개발원,28,4.86,4.79,4.82,4.75,4.95,4.804,13
한글 활용 과정,1,핵심(디지털),2024-04-12,2024-04-12,인재개발원,29,4.86,4.75,4.75,4.82,4.91,4.804,14
자치경찰제도 이해 과정,1,직무(전문),2024-04-05,2024-04-05,현장캠퍼스,17,4.94,4.94,4.81,4.88,4.8,4.802,15
소통과 공감 과정,9,기본(기본),2024-10-31,2024-11-01,현장캠퍼스,17,4.82,4.59,4.76,4.82,4.94,4.797,16
과장급 필수 역량향상 과정,2,기본(리더십),2024-07-09,2024-07-12,인재개발원,11,4.64,4.91,4.91,4.91,4.77,4.795,17
동서화합 문화관광 탐방 과정,2,직무(인문·소양),2024-10-23,2024-10-25,인재개발원,27,4.74,4.83,4.7,4.78,4.795,4.795,18
스마트기기 활용 과정,2,핵심(디지털),2024-06-19,2024-06-21,인재개발원,27,4.74,4.81,4.81,4.78,4.88,4.789,19
한글 활용 과정,2,핵심(디지털),2024-09-20,2024-09-20,인재개발원,30,4.79,4.75,4.82,4.82,4.88,4.788,20
승마 과정,1,직무(인문·소양),2024-09-25,2024-09-27,현장캠퍼스,18,5,4.89,4.61,4.89,4.98,4.785,21
스마트기기 활용 과정,1,핵심(디지털),2024-04-17,2024-04-19,인재개발원,29,4.79,4.75,4.82,4.82,4.85,4.774,22
감사업무 향상 과정,1,직무(공통),2024-09-20,2024-09-20,인재개발원,36,4.91,4.84,4.84,4.84,4.92,4.757,23
인생 2모작 준비 과정,2,직무(인문·소양),2024-12-04,2024-12-06,인재개발원,33,4.74,4.84,4.77,4.71,4.68,4.75,24
문화유산 이해 과정,1,직무(인문·소양),2024-03-27,2024-03-29,현장캠퍼스,30,4.74,4.81,4.56,4.78,4.748,4.748,25
과장급 필수 역량향상 과정,3,기본(리더십),2024-09-10,2024-09-13,인재개발원,15,4.87,4.8,4.73,4.8,4.77,4.74,26
업무용 오피스 활용 과정,4,핵심(디지털),2024-10-16,2024-10-18,인재개발원,27,4.88,4.81,4.81,4.73,4.84,4.723,27
교육담당자 역량향상 과정,1,직무(전문),2024-02-09,2024-02-10,인재개발원,18,4.5,4.67,4.61,4.67,4.81,4.722,28
1인 방송과 영상제작 과정,1,핵심(디지털),2024-07-03,2024-07-05,인재개발원,22,4.82,4.82,4.68,4.77,4.82,4.716,29
시·군 팀장 리더십 과정,5,기본(리더십),2024-07-24,2024-07-26,현장캠퍼스,16,4.75,4.75,4.62,4.69,4.66,4.716,30
업무용 오피스 활용 과정,2,핵심(디지털),2024-05-01,2024-05-03,인재개발원,27,4.85,4.69,4.65,4.65,4.85,4.712,31
명품 스피치 과정,2,직무(공통),2024-11-27,2024-11-29,인재개발원,17,4.94,4.75,4.75,4.69,4.75,4.697,32
식품 위생감시원 직무교육 과정,2,직무(전문),2024-08-26,2024-08-26,인재개발원,32,4.81,4.74,4.74,4.78,4.82,4.695,33
특별사법경찰 수사실무 과정,1,직무(전문),2024-02-19,2024-02-21,인재개발원,19,4.79,4.79,4.74,4.68,4.77,4.695,34
미래설계 과정,2,직무(인문·소양),2024-06-10,2024-06-21,인재개발원,26,4.82,4.67,4.59,4.68,4.76,4.69,35
스마트기기 활용 과정,3,핵심(디지털),2024-10-30,2024-11-01,인재개발원,26,4.65,4.65,4.62,4.69,4.77,4.689,36
홍보실무 과정,2,직무(공통),2024-10-17,2024-10-18,인재개발원,15,4.73,4.67,4.67,4.67,4.68,4.684,37
승강기 업무담당자 안전관리 과정,1,직무(전문),2024-09-25,2024-09-27,현장캠퍼스,14,4.69,4.69,4.54,4.62,4.76,4.679,38
경남의 섬 과정,1,직무(인문·소양),2024-04-16,2024-04-19,인재개발원,39,4.63,4.74,4.72,4.66,4.62,4.679,39
파워포인트 활용 과정,2,핵심(디지털),2024-10-25,2024-10-25,인재개발원,18,4.6,4.67,4.73,4.73,4.76,4.678,40
시·군 팀장 역량향상 과정,1,기본(리더십),2024-04-17,2024-04-19,현장캠퍼스,14,4.86,4.79,4.64,4.57,4.85,4.678,41
미래설계 과정,1,직무(인문·소양),2024-03-11,2024-03-22,인재개발원,34,4.74,4.81,4.68,4.65,4.6,4.677,42
소통과 공감 과정,8,기본(기본),2024-10-24,2024-10-25,현장캠퍼스,21,4.68,4.63,4.63,4.63,4.7,4.676,43
소통과 공감 과정,7,기본(기본),2024-10-10,2024-10-11,현장캠퍼스,11,4.6,4.6,4.7,4.7,4.86,4.672,44
인포그래픽 활용 과정,1,핵심(디지털),2024-12-05,2024-12-06,인재개발원,30,4.61,4.57,4.75,4.71,4.73,4.668,45
파워포인트 활용(초급) 과정,1,핵심(디지털),2024-06-28,2024-06-28,인재개발원,28,4.59,4.75,4.64,4.64,4.81,4.659,46
명품 스피치 과정,3,직무(공통),2024-12-16,2024-12-18,인재개발원,22,4.74,4.74,4.68,4.79,4.69,4.659,47
산림정책 실무 과정,1,직무(전문),2024-07-17,2024-07-19,인재개발원,13,4.73,4.73,4.64,4.64,4.71,4.651,48
소통과 공감 과정,5,기본(기본),2024-08-01,2024-08-02,현장캠퍼스,12,4.64,4.55,4.55,4.55,4.64,4.64,49
트라이포트와 물류산업 과정,1,핵심(핵심과제),2024-07-10,2024-07-12,인재개발원,8,4.88,4.63,4.75,4.5,4.52,4.638,50
성별영향평가 과정,1,직무(전문),2024-04-11,2024-04-12,인재개발원,17,4.67,4.6,4.8,4.6,4.81,4.62,51
지리산 천왕봉 힐링 과정,2,직무(인문·소양),2024-10-30,2024-11-01,현장캠퍼스,37,4.74,4.56,4.5,4.68,4.67,4.619,52
7·8급 승진자 역량향상 과정,3,기본(기본),2024-06-25,2024-06-28,인재개발원,23,4.64,4.64,4.64,4.55,4.75,4.618,53
경남 일자리 과정,2,핵심(핵심과제),2024-10-07,2024-10-08,인재개발원,9,4.62,4.75,4.5,4.75,4.66,4.617,54
과장급 필수 역량향상 과정,1,기본(리더십),2024-04-02,2024-04-05,인재개발원,18,4.78,4.83,4.61,4.56,4.78,4.616,55
미래설계 과정,4,직무(인문·소양),2024-11-11,2024-11-22,인재개발원,33,4.78,4.55,4.61,4.52,4.59,4.614,56
정수장 관리 실무 과정,1,직무(전문),2024-10-10,2024-10-11,인재개발원,12,4.78,4.67,4.78,4.56,4.69,4.612,57
가야사 바로알기 과정,3,직무(인문·소양),2024-10-30,2024-11-01,인재개발원,30,4.7,4.63,4.48,4.67,4.7,4.611,58
신규공무원 역량향상 심화 과정,3,기본(기본),2024-05-08,2024-05-10,인재개발원,34,4.5,4.62,4.65,4.62,4.59,4.611,59
행사실무 과정,2,직무(공통),2024-08-29,2024-08-30,인재개발원,22,4.73,4.68,4.73,4.68,4.68,4.608,60
항노화산업 탐방 과정,1,직무(인문·소양),2024-05-22,2024-05-24,인재개발원,34,4.71,4.62,4.44,4.62,4.58,4.603,61
경남 바로알기 과정,1,핵심(핵심과제),2024-03-06,2024-03-08,인재개발원,31,4.69,4.69,4.52,4.72,4.56,4.603,62
소통과 공감 과정,3,기본(기본),2024-07-04,2024-07-05,현장캠퍼스,14,4.58,4.58,4.58,4.58,4.58,4.603,63
재난관리 실무 과정,4,직무(전문),2024-09-25,2024-09-27,인재개발원,25,4.7,4.6,4.55,4.4,4.67,4.602,64
항노화산업 탐방 과정,2,직무(인문·소양),2024-10-15,2024-10-17,인재개발원,25,4.79,4.67,4.58,4.71,4.17,4.595,65
업무용 오피스 활용 과정,3,핵심(디지털),2024-09-11,2024-09-13,인재개발원,25,4.73,4.59,4.64,4.59,4.63,4.591,66
명품 스피치 과정,1,직무(공통),2024-05-01,2024-05-03,인재개발원,19,4.78,4.67,4.61,4.61,4.61,4.59,67
시·군 팀장 리더십 과정,2,기본(리더십),2024-04-03,2024-04-05,현장캠퍼스,16,4.56,4.56,4.56,4.56,4.67,4.59,68
스트레스 치유 과정,1,직무(인문·소양),2024-07-03,2024-07-05,인재개발원,28,4.69,4.54,4.46,4.5,4.55,4.589,69
재난관리 실무 과정,2,직무(전문),2024-05-22,2024-05-24,인재개발원,31,4.61,4.48,4.55,4.52,4.63,4.584,70
경남 바로알기 과정,2,핵심(핵심과제),2024-12-11,2024-12-13,인재개발원,28,4.64,4.64,4.52,4.48,4.54,4.574,71
7·8급 승진자 역량향상 과정,2,기본(기본),2024-04-16,2024-04-19,인재개발원,25,4.62,4.33,4.38,4.38,4.73,4.573,72
드론 이해 및 행정 활용 과정,1,핵심(디지털),2024-03-27,2024-03-29,현장캠퍼스,17,4.71,4.59,4.44,4.59,4.63,4.571,73
엑셀활용(초급)과정,1,핵심(디지털),2024-03-22,2024-03-22,인재개발원,29,4.57,4.64,4.64,4.61,4.74,4.57,74
빅데이터 분석과 행정활용 과정,1,핵심(디지털),2024-07-24,2024-07-26,인재개발원,11,4.7,4.45,4.36,4.64,4.66,4.567,75
시·군 팀장 역량향상 과정,2,기본(리더십),2024-06-12,2024-06-14,현장캠퍼스,15,4.73,4.6,4.47,4.47,4.6,4.567,76
드론 이해 및 행정 활용 과정,3,핵심(디지털),2024-09-04,2024-09-06,현장캠퍼스,20,4.55,4.65,4.68,4.6,4.6,4.553,77
경남 일자리 과정,1,핵심(핵심과제),2024-07-11,2024-07-12,인재개발원,7,4.57,4.57,4.29,4.43,4.75,4.552,78
시·군 팀장 리더십 과정,7,기본(리더십),2024-12-11,2024-12-13,현장캠퍼스,21,4.67,4.5,4.44,4.5,4.66,4.55,79
가야사 바로알기 과정,1,직무(인문·소양),2024-04-03,2024-04-05,인재개발원,32,4.69,4.69,4.45,4.62,4.64,4.55,80
디자인 플랫폼 활용 과정,2,핵심(디지털),2024-11-05,2024-11-05,인재개발원,30,4.52,4.52,4.44,4.48,4.8,4.545,81
4차 산업혁명과 AI 활용 과정,2,핵심(디지털),2024-09-25,2024-09-27,인재개발원,28,4.65,4.58,4.5,4.42,4.58,4.539,82
신규공무원 역량향상 심화 과정,1,기본(기본),2024-03-13,2024-03-15,인재개발원,32,4.53,4.47,4.59,4.56,4.62,4.538,83
기후위기 적응 대응 과정,2,핵심(핵심과제),2024-10-24,2024-10-25,인재개발원,12,4.5,4.58,4.5,4.5,4.66,4.524,84
인생 2모작 준비 과정,1,직무(인문·소양),2024-07-17,2024-07-19,인재개발원,25,4.64,4.68,4.4,4.64,4.57,4.521,85
전입공무원 역량향상 과정,1,기본(기본),2024-09-19,2024-09-20,인재개발원,44,4.6,4.53,4.53,4.53,4.63,4.517,86
경남의 섬 과정,3,직무(인문·소양),2024-10-15,2024-10-18,인재개발원,40,4.56,4.53,4.42,4.5,4.49,4.515,87
기획능력 향상 과정,1,직무(공통),2024-03-27,2024-03-29,인재개발원,18,4.59,4.76,4.71,4.59,4.52,4.514,88
시·군 팀장 리더십 과정,1,기본(리더십),2024-03-06,2024-03-08,현장캠퍼스,15,4.67,4.53,4.53,4.6,4.56,4.513,89
[교류] 동서화합 문화관광 탐방 과정,1,직무(인문·소양),2024-05-01,2024-05-03,현장캠퍼스,33,4.52,4.44,4.37,4.513,4.513,4.513,90
경남의 섬 과정,2,직무(인문·소양),2024-05-28,2024-05-31,인재개발원,37,4.64,4.61,4.47,4.44,4.57,4.51,91
신규공무원 역량향상 심화 과정,7,기본(기본),2024-10-16,2024-10-18,인재개발원,33,4.59,4.53,4.53,4.5,4.58,4.508,92
재난관리 실무 과정,3,직무(전문),2024-07-03,2024-07-05,인재개발원,12,4.5,4.5,4.25,4.5,4.7,4.503,93
신규공무원 역량향상 심화 과정,8,기본(기본),2024-11-06,2024-11-08,인재개발원,36,4.47,4.5,4.5,4.44,4.5,4.5,94
신규공무원 역량향상 심화 과정,6,기본(기본),2024-09-25,2024-09-27,인재개발원,34,4.48,4.52,4.45,4.55,4.56,4.495,95
미래설계 과정,3,직무(인문·소양),2024-09-02,2024-09-13,인재개발원,67,4.56,4.57,4.33,4.46,4.52,4.493,96
공직자 이해충돌 방지 과정,1,기본(기본),2024-05-17,2024-05-17,온라인,34,4.48,4.48,4.58,4.52,4.51,4.492,97
지방의회 공무원 실무역량 향상 과정,2,직무(전문),2024-08-26,2024-08-28,인재개발원,14,4.71,4.57,4.57,4.5,4.59,4.488,98
시·군 팀장 역량향상 과정,3,기본(리더십),2024-11-06,2024-11-08,현장캠퍼스,18,4.44,4.44,4.56,4.56,4.77,4.482,99
시·군 팀장 리더십 과정,4,기본(리더십),2024-05-22,2024-05-24,현장캠퍼스,25,4.56,4.52,4.52,4.4,4.48,4.474,100
기간제 근로자 관리자 과정,1,직무(전문),2024-03-06,2024-03-08,인재개발원,16,4.47,4.47,4.6,4.13,4.56,4.468,101
기획능력 향상 과정,3,직무(공통),2024-12-11,2024-12-13,인재개발원,25,4.48,4.48,4.56,4.48,4.49,4.468,102
시·군 팀장 리더십 과정,3,기본(리더십),2024-04-24,2024-04-26,현장캠퍼스,16,4.69,4.38,4.38,4.38,4.74,4.468,103
시·군 팀장 역량향상 과정,4,기본(리더십),2024-10-28,2024-10-30,현장캠퍼스,18,4.5,4.6,4.6,4.5,4.6,4.467,104
5급 관리자 리더십 과정,2,기본(리더십),2024-08-28,2024-08-30,인재개발원,19,4.58,4.47,4.37,4.53,4.71,4.464,105
신규 임용(후보)자 과정,3,기본(기본),2024-04-15,2024-05-03,인재개발원,88,4.49,4.38,4.38,4.43,4.53,4.461,106
신규 임용(후보)자 과정,4,기본(기본),2024-05-13,2024-05-31,인재개발원,87,4.53,4.46,4.34,4.41,4.55,4.461,107
엑셀활용(중급) 과정,2,핵심(디지털),2024-07-19,2024-07-19,인재개발원,27,4.46,4.58,4.58,4.58,4.57,4.46,108
투자유치 활성화 과정,1,핵심(핵심과제),2024-05-01,2024-05-03,인재개발원,18,4.5,4.38,4.31,4.5,4.58,4.459,109
스마트기기 활용 과정,4,핵심(디지털),2024-12-11,2024-12-13,인재개발원,26,4.42,4.27,4.23,4.54,4.53,4.457,110
5급 관리자 리더십 과정,1,기본(리더십),2024-05-01,2024-05-03,인재개발원,15,4.27,4.47,4.4,4.47,4.55,4.454,111
문화유산 이해 과정,2,직무(인문·소양),2024-04-24,2024-04-26,현장캠퍼스,31,4.48,4.42,4.29,4.45,4.19,4.453,112
지방세 실무 과정,1,직무(전문),2024-02-27,2024-02-29,인재개발원,20,4.68,4.37,4.47,4.42,4.48,4.453,113
예산회계 실무 과정,1,직무(공통),2024-03-20,2024-03-22,인재개발원,24,4.46,4.5,4.58,4.46,4.48,4.45,114
공공언어 바르게 쓰기 과정,1,직무(공통),2024-07-10,2024-07-12,인재개발원,18,4.35,4.41,4.59,4.24,4.52,4.448,115
신규공무원 역량향상 심화 과정,4,기본(기본),2024-06-26,2024-06-28,인재개발원,29,4.41,4.37,4.41,4.44,4.53,4.447,116
토목실무 과정,1,직무(전문),2024-05-08,2024-05-10,인재개발원,25,4.54,4.42,4.38,4.5,4.47,4.443,117
6급 승진자 역량향상 과정,3,기본(기본),2024-09-03,2024-09-06,인재개발원,17,4.41,4.24,4.41,4.47,4.42,4.43,118
신규공무원 역량향상 심화 과정,2,기본(기본),2024-04-17,2024-04-19,인재개발원,33,4.45,4.39,4.45,4.42,4.49,4.423,119
6급 승진자 역량향상 과정,1,기본(기본),2024-03-26,2024-03-29,인재개발원,19,4.56,4.39,4.39,4.33,4.31,4.422,120
신규 임용(후보)자 과정,9,기본(기본),2024-10-14,2024-11-01,인재개발원,259,4.46,4.44,4.37,4.44,4.54,4.422,121
신규 임용(후보)자 과정,8,기본(기본),2024-09-23,2024-10-11,인재개발원,66,4.42,4.4,4.37,4.42,4.46,4.418,122
공직자 이해충돌 방지 과정,2,기본(기본),2024-10-08,2024-10-08,온라인,16,4.33,4.33,4.33,4.47,4.66,4.418,123
홍보실무 과정,1,직무(공통),2024-05-23,2024-05-24,인재개발원,24,4.22,4.35,4.35,4.35,4.54,4.416,124
우주항공산업과 UAM 과정,1,핵심(핵심과제),2024-09-04,2024-09-06,인재개발원,21,4.33,4.43,4.24,4.43,4.39,4.411,125
MICE 사업유치 역량강화 과정,1,핵심(핵심과제),2024-06-19,2024-06-21,인재개발원,20,4.47,4.41,4.35,4.29,4.49,4.411,126
6급 승진자 역량향상 과정,2,기본(기본),2024-05-21,2024-05-24,인재개발원,14,4.55,4.36,4.36,4.36,4.23,4.401,127
계약실무 과정,1,직무(공통),2024-03-12,2024-03-14,인재개발원,19,4.39,4.56,4.5,4.5,4.76,4.401,128
지속가능발전목표 이행 과정,1,직무(전문),2024-05-29,2024-05-31,인재개발원,16,4.56,4.38,4.44,4.31,4.52,4.397,129
신규 임용(후보)자 과정,11,기본(기본),2024-11-25,2024-12-13,인재개발원,234,4.45,4.35,4.33,4.38,4.56,4.396,130
행사실무 과정,1,직무(공통),2024-04-04,2024-04-05,인재개발원,21,4.43,4.48,4.48,4.57,4.44,4.389,131
지역특화 관광 콘텐츠 개발 과정,1,핵심(핵심과제),2024-04-24,2024-04-26,인재개발원,16,4.4,4.53,4.4,4.2,4.42,4.381,132
신규 임용(후보)자 과정,2,기본(기본),2024-03-18,2024-04-05,인재개발원,89,4.39,4.36,4.37,4.3,4.43,4.379,133
보조금 단체 회계실무 과정,2,핵심(도민역량),2024-04-02,2024-04-02,현장캠퍼스,36,4.3,4.37,4.37,4.41,4.58,4.37,134
재난안전 관리자 과정,2,직무(전문),2024-10-04,2024-10-04,온라인,20,4.44,4.44,4.31,4.25,4.42,4.364,135
재난관리 실무 과정,5,직무(전문),2024-11-06,2024-11-08,인재개발원,38,4.35,4.41,4.35,4.3,4.38,4.362,136
신규공무원 역량향상 심화 과정,5,기본(기본),2024-07-17,2024-07-19,인재개발원,33,4.42,4.39,4.42,4.35,4.38,4.362,137
신규 임용(후보)자 과정,6,기본(기본),2024-06-24,2024-07-12,인재개발원,89,4.31,4.31,4.26,4.24,4.56,4.353,138
신규 임용(후보)자 과정,7,기본(기본),2024-07-15,2024-08-02,인재개발원,88,4.37,4.34,4.29,4.3,4.47,4.35,139
7·8급 승진자 역량향상 과정,4,기본(기본),2024-09-24,2024-09-27,인재개발원,25,4.55,4.3,4.3,4.1,4.46,4.347,140
신규 임용(후보)자 과정,10,기본(기본),2024-11-04,2024-11-22,인재개발원,253,4.46,4.36,4.34,4.34,4.47,4.347,141
가야사 바로알기 과정,2,직무(인문·소양),2024-06-26,2024-06-28,인재개발원,26,4.13,4.43,4.17,4.35,4.46,4.346,142
저수지·댐 안전관리 과정,1,직무(전문),2024-04-24,2024-04-26,인재개발원,27,4.27,4.35,4.35,4.31,4.37,4.341,143
인구소멸 대응과 지역균형 발전 과정,1,핵심(핵심과제),2024-10-11,2024-10-11,인재개발원,14,4.45,4.36,4.18,4.27,4.42,4.33,144
재난관리 실무 과정,6,직무(전문),2024-12-04,2024-12-06,인재개발원,38,4.33,4.36,4.36,4.33,4.33,4.328,145
4차 산업혁명과 AI 활용 과정,1,핵심(디지털),2024-03-06,2024-03-08,인재개발원,24,4.25,4.33,4.08,4.25,4.53,4.32,146
식품위생감시원 직무교육 과정,1,직무(전문),2024-02-26,2024-02-26,인재개발원,49,4.36,4.39,4.39,4.36,4.46,4.316,147
공공언어 바르게 쓰기 과정,2,직무(공통),2024-11-06,2024-11-08,인재개발원,32,4.37,4.3,4.43,4.4,4.39,4.314,148
기후위기 적응 대응 과정,1,핵심(핵심과제),2024-06-20,2024-06-21,인재개발원,25,4.19,4.33,4.33,4.29,4.35,4.314,149
재난안전 관리자 과정,1,직무(전문),2024-06-28,2024-06-28,온라인,21,4.24,4.47,4.18,4.24,4.33,4.313,150
신규 임용(후보)자 과정,1,기본(기본),2024-02-19,2024-03-08,인재개발원,90,4.33,4.12,4.16,4.25,4.43,4.291,151
중대재해 예방 실무 과정,2,직무(전문),2024-11-29,2024-11-29,온라인,182,4.34,4.31,4.28,4.32,4.38,4.291,152
7·8급 승진자 역량향상 과정,1,기본(기본),2024-03-12,2024-03-15,인재개발원,28,4.33,4.3,4.3,4.22,4.27,4.274,153
지방의회 공무원 실무역량 개발 과정,1,직무(전문),2024-02-21,2024-02-23,인재개발원,17,4.35,4.29,4.24,4.47,4.45,4.269,154
신규 임용(후보)자 과정,5,기본(기본),2024-06-03,2024-06-21,인재개발원,90,4.31,4.14,4.08,4.14,4.42,4.25,155
중견리더 과정,21,기본(기본장기),2024-02-19,2024-12-13,인재개발원,80,4.44,4.24,4.2,4.17,4.42,4.203,156
재난관리 실무 과정,1,직무(전문),2024-03-27,2024-03-29,인재개발원,17,4.06,4.24,4.24,4.18,4.02,4.202,157
보조금 단체 회계실무 과정,1,핵심(도민역량),2024-04-01,2024-04-01,인재개발원,12,4.22,4.22,4.2,4.33,4.31,4.2,158
디자인 플랫폼 활용 과정,1,핵심(디지털),2024-05-17,2024-05-17,인재개발원,25,4.32,4.24,4.28,4.32,4.42,4.198,159
중대재해 예방 실무 과정,1,직무(전문),2024-06-25,2024-06-25,온라인,39,4.16,4.12,4.19,4.09,4.26,4.173,160
보조금 단체 회계실무 과정,3,핵심(도민역량),2024-05-13,2024-05-13,현장캠퍼스,33,4,4.15,4.23,3.96,4.26,4.101,161
기획능력 향상 과정,2,직무(공통),2024-06-12,2024-06-14,인재개발원,29,4.14,4.1,4,3.79,4.24,4.081,162
시·군 팀장 리더십 과정,6,기본(리더십),2024-10-23,2024-10-25,현장캠퍼스,20,4.2,4.1,4.05,3.95,4.2,4.075,163
예산회계 실무 과정,2,직무(공통),2024-07-17,2024-07-19,인재개발원,17,4,4.24,4.29,3.94,4.49,4.052,164
보조금 단체 회계실무 과정,5,핵심(도민역량),2024-06-03,2024-06-03,현장캠퍼스,36,3.88,4.08,4.4,3.8,4.3,4.018,165
보조금 단체 회계실무 과정,4,핵심(도민역량),2024-05-14,2024-05-14,인재개발원,22,3.88,3.88,3.94,3.94,4.19,3.982,166
"세대와 마음을 잇는 소통 ON, 공감 UP",1,기본(기본),2025-03-13,2025-03-14,현장캠퍼스,18,4.89,4.89,4.89,4.89,4.93,4.89,1
1인 방송과 영상제작 과정,1,핵심(디지털),2025-04-23,2025-04-25,인재개발원,29,4.93,4.89,4.86,4.93,4.95,4.88,2
생성형 AI 실습 과정,2,핵심(디지털),2025-07-23,2025-07-25,인재개발원,28,4.96,4.92,4.92,4.92,4.96,4.87,3
경남의 섬 과정,1,직무(인문·소양),2025-04-15,2025-04-18,현장캠퍼스,32,4.77,4.87,4.77,4.83,4.92,4.84,4
드론 이해와 실전 활용 과정,1,기본(기본),2025-05-21,2025-05-23,현장캠퍼스,19,4.89,4.78,4.67,4.89,4.89,4.83,5
파워포인트 활용 과정,1,핵심(디지털),2025-06-19,2025-06-19,인재개발원,30,4.92,4.88,4.81,4.85,4.89,4.82,6
7·8급 승진자 역량향상 과정,3,기본(기본),2025-05-27,2025-05-30,인재개발원,11,4.9,4.8,4.8,4.9,4.93,4.82,7
승마 과정,1,직무(인문·소양),2025-03-12,2025-03-14,현장캠퍼스,19,4.89,4.94,4.89,4.78,4.87,4.8,8
소통의 고수! 민원응대 스킬업 과정,1,직무(공통),2025-04-10,2025-04-11,인재개발원,15,4.86,4.79,4.86,4.79,4.82,4.8,9
디지털 행정서비스 과정,1,직무(공통),2025-06-12,2025-06-13,인재개발원,23,4.86,4.86,4.86,4.86,4.91,4.8,10
코칭 리더십 과정,1,기본(리더십),2025-05-08,2025-05-09,현장캠퍼스,15,4.93,4.71,4.64,4.64,4.89,4.79,11
가야사 바로알기 과정,2,기본(기본),2025-05-14,2025-05-16,현장캠퍼스,26,4.85,4.81,4.73,4.85,4.55,4.79,12
경남의 섬 과정,2,직무(인문·소양),2025-05-27,2025-05-30,현장캠퍼스,30,4.83,4.7,4.53,4.8,4.8,4.78,13
MICE 사업유치 역량 강화 과정,1,핵심(핵심과제),2025-06-18,2025-06-20,인재개발원,6,4.83,4.83,4.67,4.83,4.83,4.78,14
미래설계 과정,1,직무(인문·소양),2025-04-21,2025-05-02,인재개발원,47,4.82,4.72,4.69,4.72,4.65,4.78,15
식품 위생감시원 직무교육 과정,1,직무(전문),2025-02-25,2025-02-25,인재개발원,33,4.9,4.81,4.81,4.77,4.93,4.77,16
지리산 천왕봉 힐링 과정,1,직무(인문·소양),2025-05-07,2025-05-09,현장캠퍼스,31,4.9,4.83,4.55,4.79,4.77,4.76,17
다문화와 사회통합 교육 과정,1,핵심(핵심과제),2025-04-17,2025-04-18,인재개발원,10,4.75,4.63,4.5,5,4.84,4.76,18
과장급 필수 역량향상 과정,1,기본(리더십),2025-02-25,2025-02-28,인재개발원,20,4.8,4.8,4.8,4.7,4.76,4.75,19
생성형 AI 실습 과정,1,핵심(디지털),2025-03-12,2025-03-14,인재개발원,30,4.9,4.9,4.83,4.72,4.89,4.74,20
미래설계 과정,2,직무(인문·소양),2025-05-19,2025-05-30,인재개발원,26,4.87,4.79,4.48,4.77,4.69,4.74,21
"세대와 마음을 잇는 소통 ON, 공감 UP 과정",2,기본(기본),2025-05-08,2025-05-09,현장캠퍼스,13,4.75,4.67,4.67,4.67,4.74,4.72,22
홍보실무 과정,1,직무(공통),2025-05-22,2025-05-23,인재개발원,12,4.91,4.82,4.73,4.73,4.68,4.72,23
스마트기기 활용 과정,1,핵심(디지털),2025-04-09,2025-04-11,인재개발원,26,4.77,4.62,4.73,4.73,4.8,4.71,24
지속가능발전 목표 이행 과정,1,직무(전문),2025-05-21,2025-05-23,인재개발원,8,4.75,4.63,4.75,4.63,4.78,4.7,25
가야사 바로알기 과정,1,직무(인문·소양),2025-04-02,2025-04-04,현장캠퍼스,12,4.82,4.82,4.09,4.82,4.66,4.7,26
스마트기기 활용 과정,2,핵심(디지털),2025-07-09,2025-07-11,인재개발원,26,4.7,4.58,4.46,4.67,4.84,4.69,27
과장급 필수 역량향상 과정,2,기본(리더십),2025-05-27,2025-05-30,인재개발원,18,4.89,4.78,4.61,4.67,4.71,4.68,28
7·8급 승진자 역량향상 과정,1,기본(기본),2025-02-25,2025-02-28,인재개발원,25,4.74,4.61,4.52,4.61,4.6,4.68,29
6급 승진자 역량향상 과정,1,기본(기본),2025-03-25,2025-03-28,인재개발원,21,4.9,4.76,4.62,4.62,4.71,4.68,30
7·8급 승진자 역량향상 과정,4,기본(기본),2025-07-22,2025-07-25,인재개발원,24,4.79,4.63,4.58,4.63,4.68,4.66,31
지방의회 공무원 실무역량 향상 과정,1,직무(전문),2025-03-26,2025-03-28,인재개발원,12,4.67,4.83,4.75,4.75,4.67,4.66,32
보조금 담당자 실무 과정,1,직무(공통),2025-03-13,2025-03-14,인재개발원,19,4.68,4.74,4.84,4.68,4.78,4.66,33
미래설계 과정,3,직무(인문·소양),2025-07-14,2025-07-18,인재개발원,20,4.83,4.72,4.65,4.67,4.75,4.65,34
명품 스피치 과정,2,직무(공통),2025-07-16,2025-07-18,인재개발원,18,4.73,4.8,4.87,4.6,4.71,4.65,35
업무용 오피스 활용 과정,1,핵심(디지털),2025-03-19,2025-03-21,인재개발원,29,4.75,4.71,4.71,4.79,4.67,4.65,36
전입공무원 역량향상 과정,1,기본(기본),2025-03-05,2025-03-07,인재개발원,30,4.67,4.63,4.63,4.67,4.67,4.64,37
한글 활용 과정,1,핵심(디지털),2025-03-07,2025-03-07,인재개발원,31,4.68,4.71,4.75,4.64,4.7,4.64,38
지방소득세 실무 과정,1,직무(전문),2025-02-26,2025-02-28,인재개발원,9,4.89,4.56,4.44,4.56,4.89,4.63,39
5급 관리자 리더십 과정,1,기본(리더십),2025-03-26,2025-03-28,인재개발원,20,4.75,4.65,4.65,4.45,4.86,4.62,40
산림정책실무 과정,1,직무(전문),2025-07-16,2025-07-18,인재개발원,17,4.81,4.63,4.63,4.69,4.66,4.62,41
업무용 오피스 활용 과정,4,핵심(디지털),2025-07-02,2025-07-04,인재개발원,22,4.75,4.75,4.7,4.6,4.65,4.62,42
엑셀 활용 과정,1,핵심(디지털),2025-04-01,2025-04-01,인재개발원,27,4.54,4.73,4.69,4.65,4.75,4.61,43
드론 이해와 실전 활용 과정,2,핵심(디지털),2025-06-18,2025-06-20,현장캠퍼스,19,4.82,4.47,4.47,4.47,4.8,4.61,44
문화유산 이해 과정,1,직무(인문·소양),2025-03-26,2025-03-28,현장캠퍼스,27,4.62,4.63,4.48,4.63,4.6,4.61,45
업무용 오피스 활용 과정,2,기본(기본),2025-05-14,2025-05-16,인재개발원,29,4.71,4.57,4.61,4.64,4.69,4.61,46
계약실무 과정,3,직무(공통),2025-07-24,2025-07-25,인재개발원,10,4.7,4.6,4.6,4.5,4.76,4.6,47
기획능력 향상 과정,2,직무(공통),2025-06-11,2025-06-13,인재개발원,22,4.7,4.6,4.65,4.7,4.85,4.6,48
5급 관리자 리더십 과정,2,기본(리더십),2025-04-30,2025-05-02,인재개발원,19,4.89,4.68,4.53,4.58,4.81,4.59,49
업무용 오피스 활용 과정,3,핵심(디지털),2025-06-16,2025-06-18,인재개발원,24,4.53,4.53,4.47,4.59,4.75,4.59,50
명품 스피치 과정,1,직무(공통),2025-04-30,2025-05-02,인재개발원,20,4.72,4.5,4.5,4.5,4.68,4.59,51
공공언어 바르게 쓰기 과정,1,직무(공통),2025-07-23,2025-07-25,인재개발원,13,4.62,4.54,4.62,4.54,4.76,4.59,52
계약실무 과정,2,직무(공통),2025-03-11,2025-03-12,인재개발원,20,4.55,4.7,4.65,4.55,4.7,4.58,53
항노화산업 탐방 과정,1,직무(인문·소양),2025-04-09,2025-04-11,인재개발원,28,4.73,4.54,4.38,4.58,4.72,4.58,54
한글 활용 과정,3,핵심(디지털),2025-07-18,2025-07-18,인재개발원,25,4.77,4.59,4.59,4.59,4.74,4.58,55
디자인 플랫폼 활용 과정,1,핵심(디지털),2025-04-18,2025-04-18,인재개발원,25,4.56,4.6,4.56,4.52,4.78,4.57,56
투자유치 활성화 과정,1,핵심(핵심과제),2025-07-09,2025-07-11,인재개발원,7,4.5,4.5,4.5,4.67,4.57,4.57,57
한글 활용 과정,2,핵심(디지털),2025-05-30,2025-05-30,인재개발원,23,4.62,4.62,4.57,4.52,4.66,4.56,58
전입공무원 역량향상 과정,2,기본(기본),2025-07-16,2025-07-18,인재개발원,29,4.63,4.63,4.56,4.59,4.61,4.55,59
시·군 팀장 리더십 과정,3,기본(리더십),2025-04-23,2025-04-25,현장캠퍼스,20,4.65,4.6,4.55,4.6,4.57,4.55,60
신규 임용(후보)자 과정,1,기본(기본),2025-03-04,2025-03-21,인재개발원,90,4.53,4.57,4.52,4.53,4.62,4.55,61
보조금 단체 회계실무 과정,3,핵심(도민역량),2025-04-01,2025-04-01,인재개발원,22,4.53,4.47,4.47,4.63,4.57,4.54,62
신규 임용(후보)자 과정,2,기본(기본),2025-03-31,2025-04-18,인재개발원,45,4.57,4.5,4.43,4.43,4.51,4.53,63
인생 2모작 준비 과정,1,직무(인문·소양),2025-03-19,2025-03-21,인재개발원,30,4.68,4.57,4.43,4.54,4.71,4.53,64
기간제 근로자 관리자 과정,1,직무(전문),2025-03-12,2025-03-14,인재개발원,15,4.53,4.4,4.53,4.53,4.63,4.53,65
성별영향평가 과정,1,직무(전문),2025-04-11,2025-04-11,인재개발원,18,4.63,4.47,4.59,4.18,4.73,4.52,66
재난안전 관리자 과정,1,직무(전문),2025-05-08,2025-05-08,온라인,35,4.56,4.53,4.5,4.53,4.59,4.52,67
기후위기 적응·대응 과정,1,핵심(핵심과제),2025-05-29,2025-05-30,인재개발원,18,4.56,4.56,4.5,4.56,4.54,4.51,68
신규공무원 역량향상 심화 과정,2,기본(기본),2025-04-02,2025-04-04,인재개발원,30,4.47,4.43,4.47,4.47,4.62,4.51,69
재난관리 실무 과정,3,직무(공통),2025-06-11,2025-06-13,인재개발원,41,4.49,4.51,4.43,4.32,4.53,4.51,70
신규공무원 역량향상 심화 과정,5,직무(공통),2025-06-11,2025-06-13,인재개발원,37,4.54,4.57,4.54,4.43,4.59,4.5,71
엑셀 활용 과정,2,핵심(디지털),2025-05-02,2025-05-02,인재개발원,30,4.52,4.48,4.48,4.55,4.64,4.48,72
계약실무 과정,1,직무(공통),2025-03-06,2025-03-07,인재개발원,18,4.65,4.47,4.53,4.35,4.72,4.48,73
신규공무원 역량향상 심화 과정,6,기본(기본),2025-07-02,2025-07-04,인재개발원,38,4.5,4.53,4.47,4.47,4.31,4.47,74
7·8급 승진자 역량향상 과정,2,기본(기본),2025-04-29,2025-05-02,인재개발원,29,4.52,4.41,4.41,4.38,4.62,4.47,75
지역특화 관광콘텐츠 개발 과정,1,핵심(핵심과제),2025-04-23,2025-04-25,인재개발원,10,4.4,4.3,4.3,4.4,4.37,4.47,76
재난관리 실무 과정,2,기본(기본),2025-05-14,2025-05-16,인재개발원,40,4.57,4.41,4.43,4.43,4.49,4.47,77
재난관리 실무 과정,1,직무(전문),2025-03-26,2025-03-28,인재개발원,33,4.68,4.48,4.58,4.52,4.46,4.46,78
신규공무원 역량향상 심화 과정,2,기본(기본),2025-05-14,2025-05-16,인재개발원,40,4.31,4.34,4.43,4.43,4.61,4.44,79
시·군 팀장 리더십 과정,1,기본(리더십),2025-04-16,2025-04-18,현장캠퍼스,11,4.64,4.36,4.27,4.36,4.68,4.44,80
신규공무원 역량향상 심화 과정,3,기본(기본),2025-04-23,2025-04-25,인재개발원,37,4.47,4.38,4.39,4.3,4.53,4.44,81
증대재해 예방 실무 과정,1,직무(공통),2025-06-05,2025-06-05,온라인,92,4.39,4.44,4.49,4.45,4.45,4.44,82
6급 승진자 역량향상 과정,2,기본(기본),2025-07-08,2025-07-11,인재개발원,19,4.58,4.32,4.32,4.37,4.44,4.43,83
경남의 복지 과정,1,핵심(핵심과제),2025-07-10,2025-07-11,인재개발원,15,4.29,4.57,4.21,4.36,4.62,4.43,84
특별사법경찰 수사실무 과정,1,직무(전문),2025-02-19,2025-02-21,인재개발원,14,4.5,4.36,4.5,4.43,4.57,4.43,85
보조금 단체 회계실무 과정,4,핵심(도민역량),2025-05-22,2025-05-22,인재개발원,19,4.55,4.45,4.55,4.55,4.61,4.42,86
저수지·댐 안전관리 과정,1,직무(전문),2025-04-23,2025-04-25,인재개발원,30,4.33,4.57,4.47,4.37,4.44,4.41,87
교육담당자 역량향상 과정,1,직무(전문),2025-02-13,2025-02-14,인재개발원,9,4.44,4.44,4.56,4.33,4.59,4.4,88
재난안전 통신망 과정,1,직무(전문),2025-06-26,2025-06-27,인재개발원,20,4.53,4.4,4.33,4.4,4.57,4.39,89
공직자 이해충돌 방지 과정,1,기본(기본),2025-05-09,2025-05-09,온라인,24,4.46,4.29,4.33,4.46,4.58,4.39,90
토목실무 과정,1,직무(전문),2025-03-19,2025-03-21,인재개발원,22,4.32,4.32,4.36,4.14,4.53,4.37,91
신규공무원 역량향상 심화 과정,1,기본(기본),2025-03-12,2025-03-14,인재개발원,29,4.48,4.33,4.41,4.3,4.57,4.37,92
경남의 교통과 미래항공 모빌리티(AAM) 산업 과정,1,핵심(핵심과제),2025-03-20,2025-03-21,인재개발원,17,4.63,4.5,4.38,4.25,4.45,4.37,93
행사 실무 과정,1,직무(공통),2025-04-03,2025-04-04,인재개발원,17,4.44,4.38,4.38,4.31,4.48,4.36,94
기획능력 향상 과정,1,직무(공통),2025-03-26,2025-03-28,인재개발원,8,4.25,4.25,4.25,4.5,4.66,4.36,95
보조금 단체 회계실무 과정,1,핵심(도민역량),2025-02-19,2025-02-19,현장캠퍼스,24,4.17,4.22,4.35,4.26,4.45,4.34,96
"스마트 경남, 스마트 시티 과정",1,직무(공통),2025-06-04,2025-06-05,인재개발원,14,4.36,4.21,4,4.36,4.45,4.33,97
예산회계 실무 과정,1,직무(공통),2025-02-26,2025-02-28,인재개발원,29,4.32,4.32,4.36,4.36,4.35,4.31,98
경남의 미래산업과 일자리 과정,1,핵심(핵심과제),2025-07-16,2025-07-18,인재개발원,12,4.3,4.3,4.3,4.3,4.29,4.31,99
건축 실무 과정,1,직무(전문),2025-04-02,2025-04-04,인재개발원,27,4.19,4.3,4.15,4,4.49,4.27,100
보조금 단체 회계실무 과정,2,핵심(도민역량),2025-03-05,2025-03-05,인재개발원,26,4.21,4.13,4.13,4.04,4.29,4.21,102
신규 임용(후보)자 과정,3,기본(기본),2025-07-21,2025-07-25,인재개발원,83,4.21,4.16,4.09,4.13,4.51,4.23,101
강사 양성 과정,1,직무(공통),2025-05-28,2025-05-30,인재개발원,13,4.17,4.33,4.17,3.83,4.15,4.15,103
인구소멸 대응과 지역균형 발전 과정,1,핵심(핵심과제),2025-05-23,2025-05-23,인재개발원,9,4.33,4.22,3.89,4.11,4.28,4.12,104
보조금 단체 회계실무 과정,5,핵심(도민역량),2025-05-23,2025-05-23,현장캠퍼스,23,3.83,3.83,3.83,3.5,4.07,3.83,105
