교육주차,기수,교육과정,교육기간,교육시작일,교육종료일,인원
2월 2주차 (2.10.~2.14.),1,교육담당자 역량향상 과정,2일,2025-02-13,2025-02-14,20
2월 3주차 (2.17.~2.21.),22,중견리더 과정,43주,2025-02-17,2025-12-12,88
2월 3주차 (2.17.~2.21.),1,보조금 단체 회계실무 과정,1일,2025-02-19,2025-02-19,30
2월 3주차 (2.17.~2.21.),1,특별사법경찰 수사실무 과정,3일,2025-02-19,2025-02-21,20
2월 4주차 (2.24.~2.28.),22,중견리더 과정,43주,2025-02-17,2025-12-12,88
2월 4주차 (2.24.~2.28.),1,식품 위생감시원 직무 교육 과정,1일,2025-02-25,2025-02-25,30
2월 4주차 (2.24.~2.28.),1,과장급 필수 역량향상 과정,4일,2025-02-25,2025-02-28,20
2월 4주차 (2.24.~2.28.),1,7·8급 승진자 역량향상 과정,4일,2025-02-25,2025-02-28,30
2월 4주차 (2.24.~2.28.),1,예산회계실무 과정,3일,2025-02-26,2025-02-28,30
2월 4주차 (2.24.~2.28.),1,지방 소득세 실무 과정,3일,2025-02-26,2025-02-28,20
3월 1주차 (3.3.~3.7.),22,중견리더 과정,43주,2025-02-17,2025-12-12,88
3월 1주차 (3.3.~3.7.),1,신규임용(후보)자 과정,3주,2025-03-04,2025-03-21,90
3월 1주차 (3.3.~3.7.),2,보조금 단체 회계실무 과정,1일,2025-03-05,2025-03-05,30
3월 1주차 (3.3.~3.7.),1,전입공무원 역량 향상 과정,3일,2025-03-05,2025-03-07,30
3월 1주차 (3.3.~3.7.),1,계약실무 과정,2일,2025-03-06,2025-03-07,20
3월 1주차 (3.3.~3.7.),1,한글 활용 과정,1일,2025-03-07,2025-03-07,30
3월 2주차 (3.10.~3.14.),22,중견리더 과정,43주,2025-02-17,2025-12-12,88
3월 2주차 (3.10.~3.14.),1,신규임용(후보)자 과정,3주,2025-03-04,2025-03-21,90
3월 2주차 (3.10.~3.14.),2,계약실무 과정,2일,2025-03-11,2025-03-12,20
3월 2주차 (3.10.~3.14.),1,승마 과정,3일,2025-03-11,2025-03-13,20
3월 2주차 (3.10.~3.14.),1,기간제 근로자 관리자 과정,3일,2025-03-12,2025-03-14,20
3월 2주차 (3.10.~3.14.),1,생성형 AI실습 과정,3일,2025-03-12,2025-03-14,30
3월 2주차 (3.10.~3.14.),1,신규공무원 역량향상 심화 과정,3일,2025-03-12,2025-03-14,40
3월 2주차 (3.10.~3.14.),1,보조금 담당자 실무 과정(★),2일,2025-03-13,2025-03-14,30
3월 2주차 (3.10.~3.14.),1,"세대와 마음을 잇는 소통 ON, 공감 UP",2일,2025-03-13,2025-03-14,20
3월 3주차 (3.17.~3.21.),22,중견리더 과정,43주,2025-02-17,2025-12-12,88
3월 3주차 (3.17.~3.21.),1,신규임용(후보)자 과정,3주,2025-03-04,2025-03-21,90
3월 3주차 (3.17.~3.21.),1,토목실무 과정,3일,2025-03-19,2025-03-21,30
3월 3주차 (3.17.~3.21.),1,인생 2모작 준비 과정,3일,2025-03-19,2025-03-21,30
3월 3주차 (3.17.~3.21.),1,업무용 오피스 활용 과정,3일,2025-03-19,2025-03-21,30
3월 3주차 (3.17.~3.21.),1,경남의 교통과 미래항공 모빌리티(AAM) 산업 과정,2일,2025-03-20,2025-03-21,20
3월 4주차 (3.24.~3.28.),22,중견리더 과정,43주,2025-02-17,2025-12-12,88
3월 4주차 (3.24.~3.28.),1,6급 승진자 역량향상 과정,4일,2025-03-25,2025-03-28,20
3월 4주차 (3.24.~3.28.),1,기획능력 향상 과정,3일,2025-03-26,2025-03-26,30
3월 4주차 (3.24.~3.28.),1,5급 관리자 리더십 과정,3일,2025-03-26,2025-03-28,20
3월 4주차 (3.24.~3.28.),1,재난관리 실무 과정,3일,2025-03-26,2025-03-28,40
3월 4주차 (3.24.~3.28.),1,지방의회 공무원 실무역량 향상 과정,3일,2025-03-26,2025-03-28,30
3월 4주차 (3.24.~3.28.),1,[교류]문화유산 이해 과정,3일,2025-03-26,2025-03-28,30
3월 4주차 (3.24.~3.28.),2,"세대와 마음을 잇는 소통 ON, 공감 UP",2일,2025-03-27,2025-03-28,20
4월 1주차 (3.31.~4.4.),22,중견리더 과정,43주,2025-02-17,2025-12-12,88
4월 1주차 (3.31.~4.4.),2,신규임용(후보)자 과정,3주,2025-03-31,2025-04-18,90
4월 1주차 (3.31.~4.4.),1,엑셀 활용 과정,1일,2025-04-01,2025-04-01,30
4월 1주차 (3.31.~4.4.),3,보조금 단체 회계실무 과정,1일,2025-04-01,2025-04-01,30
4월 1주차 (3.31.~4.4.),2,신규공무원 역량향상 심화 과정,3일,2025-04-02,2025-04-04,40
4월 1주차 (3.31.~4.4.),1,건축 실무 과정(★),3일,2025-04-02,2025-04-04,30
4월 1주차 (3.31.~4.4.),1,가야사 바로알기,3일,2025-04-02,2025-04-04,30
4월 1주차 (3.31.~4.4.),1,시·군 팀장 리더십 과정,3일,2025-04-02,2025-04-04,20
4월 1주차 (3.31.~4.4.),1,행사실무 과정,2일,2025-04-03,2025-04-04,20
4월 2주차 (4.7.~4.11.),22,중견리더 과정,43주,2025-02-17,2025-12-12,88
4월 2주차 (4.7.~4.11.),2,신규임용(후보)자 과정,3주,2025-03-31,2025-04-18,90
4월 2주차 (4.7.~4.11.),1,항노화산업 탐방 과정,3일,2025-04-09,2025-04-11,30
4월 2주차 (4.7.~4.11.),1,스마트기기 활용 과정,3일,2025-04-09,2025-04-11,30
4월 2주차 (4.7.~4.11.),1,소통의 고수! 민원응대 스킬업 과정(★),2일,2025-04-10,2025-04-11,30
4월 2주차 (4.7.~4.11.),1,성별영향평가 과정,1일,2025-04-11,2025-04-11,20
4월 3주차 (4.14.~4.18.),22,중견리더 과정,43주,2025-02-17,2025-12-12,88
4월 3주차 (4.14.~4.18.),2,신규임용(후보)자 과정,3주,2025-03-31,2025-04-18,90
4월 3주차 (4.14.~4.18.),1,경남의 섬 과정,4일,2025-04-15,2025-04-18,30
4월 3주차 (4.14.~4.18.),1,승강기 업무담당자 안전관리 과정,3일,2025-04-16,2025-04-18,20
4월 3주차 (4.14.~4.18.),2,시·군 팀장 리더십 과정,3일,2025-04-16,2025-04-18,20
4월 3주차 (4.14.~4.18.),1,다문화와 사회통합 교육과정(★),2일,2025-04-17,2025-04-18,20
4월 3주차 (4.14.~4.18.),1,디자인 플랫폼 활용 과정,1일,2025-04-18,2025-04-18,30
4월 4주차 (4.21.~4.25.),22,중견리더 과정,43주,2025-02-17,2025-12-12,88
4월 4주차 (4.21.~4.25.),1,미래설계 과정,2주,2025-04-21,2025-05-02,50
4월 4주차 (4.21.~4.25.),3,신규공무원 역량향상 심화 과정,3일,2025-04-23,2025-04-25,40
4월 4주차 (4.21.~4.25.),1,저수지·댐 안전관리 과정,3일,2025-04-23,2025-04-25,30
4월 4주차 (4.21.~4.25.),1,지역특화 관광 콘텐츠개발 과정,3일,2025-04-23,2025-04-25,20
4월 4주차 (4.21.~4.25.),1,1인 방송과 영상제작 과정,3일,2025-04-23,2025-04-25,30
4월 4주차 (4.21.~4.25.),2,[교류]문화유산 이해 과정,3일,2025-04-23,2025-04-25,30
4월 4주차 (4.21.~4.25.),3,시·군 팀장 리더십 과정,3일,2025-04-23,2025-04-25,20
5월 1주차 (4.28.~5.2.),22,중견리더 과정,43주,2025-02-17,2025-12-12,88
5월 1주차 (4.28.~5.2.),1,미래설계 과정,2주,2025-04-21,2025-05-02,50
5월 1주차 (4.28.~5.2.),2,7·8급 승진자 역량향상 과정,4일,2025-04-29,2025-05-02,30
5월 1주차 (4.28.~5.2.),1,명품 스피치 과정,3일,2025-04-30,2025-05-02,20
5월 1주차 (4.28.~5.2.),2,5급 관리자 리더십 과정,3일,2025-04-03,2025-05-02,20
5월 1주차 (4.28.~5.2.),2,엑셀 활용 과정,1일,2025-05-02,2025-05-02,30
5월 2주차 (5.5.~5.9.),22,중견리더 과정,43주,2025-02-17,2025-12-12,88
5월 2주차 (5.5.~5.9.),1,지리산 천왕봉 힐링 과정,3일,2025-05-07,2025-05-09,40
5월 2주차 (5.5.~5.9.),1,재난안전 관리자 과정,1일,2025-05-08,2025-05-08,30
5월 2주차 (5.5.~5.9.),1,코칭 리더십 과정,2일,2025-05-08,2025-05-09,15
5월 2주차 (5.5.~5.9.),3,"세대와 마음을 잇는 소통 ON, 공감 UP",2일,2025-05-08,2025-05-09,20
5월 2주차 (5.5.~5.9.),1,공직자 이해충돌 방지 과정,1일,2025-05-09,2025-05-09,30
5월 3주차 (5.12.~5.16.),22,중견리더 과정,43주,2025-02-17,2025-12-12,88
5월 3주차 (5.12.~5.16.),2,재난관리 실무 과정,3일,2025-05-14,2025-05-14,40
5월 3주차 (5.12.~5.16.),4,신규공무원 역량향상 심화 과정,3일,2025-05-14,2025-05-16,40
5월 3주차 (5.12.~5.16.),2,업무용 오피스 활용 과정,3일,2025-05-14,2025-05-16,30
5월 3주차 (5.12.~5.16.),1,[교류]동서통합 문화관광 탐방 과정,3일,2025-05-14,2025-05-16,30
5월 3주차 (5.12.~5.16.),1,도민과 함께하는 지속가능발전 목표(SDGs) 이해 과정,4h,2025-05-15,2025-05-15,30
5월 4주차 (5.19.~5.23.),22,중견리더 과정,43주,2025-02-17,2025-12-12,88
5월 4주차 (5.19.~5.23.),2,미래설계 과정,2주,2025-05-19,2025-05-30,50
5월 4주차 (5.19.~5.23.),1,지속가능발전 목표 이해 과정,3일,2025-05-21,2025-05-23,20
5월 4주차 (5.19.~5.23.),1,드론 이해와 실전 활용 과정,3일,2025-05-21,2025-05-23,20
5월 4주차 (5.19.~5.23.),1,홍보실무 과정,2일,2025-05-22,2025-05-23,30
5월 4주차 (5.19.~5.23.),4,보조금 단체 회계실무 과정,1일,2025-05-22,2025-05-22,30
5월 4주차 (5.19.~5.23.),5,보조금 단체 회계실무 과정,1일,2025-05-23,2025-05-23,30
5월 4주차 (5.19.~5.23.),1,인구소멸 대응과 지역균형 발전 과정,1일,2025-05-23,2025-05-23,20
5월 5주차 (5.26.~5.30.),22,중견리더 과정,43주,2025-02-17,2025-12-12,88
5월 5주차 (5.26.~5.30.),2,미래설계 과정,2주,2025-05-19,2025-05-30,50
5월 5주차 (5.26.~5.30.),2,과장급 필수 역량향상 과정,4일,2025-05-27,2025-05-30,20
5월 5주차 (5.26.~5.30.),3,7·8급 승진자 역량향상 과정,4일,2025-05-27,2025-05-30,30
5월 5주차 (5.26.~5.30.),2,경남의 섬 과정,4일,2025-05-27,2025-05-30,30
5월 5주차 (5.26.~5.30.),1,강사 양성 과정,3일,2025-05-28,2025-05-30,20
5월 5주차 (5.26.~5.30.),2,한글 활용 과정,1일,2025-05-30,2025-05-30,30
5월 5주차 (5.26.~5.30.),1,기후위기 적응·대응 과정,2일,2025-05-29,2025-05-30,20
6월 1주차 (6.2.~6.6.),22,중견리더 과정,43주,2025-02-17,2025-12-12,88
6월 1주차 (6.2.~6.6.),1,건강한 직장생활을 위한 마음치유 과정,3일,2025-06-03,2025-06-05,30
6월 1주차 (6.2.~6.6.),1,MICE 사업 유치 역량 강화 과정,3일,2025-06-03,2025-06-05,20
6월 1주차 (6.2.~6.6.),3,업무용 오피스 활용 과정,3일,2025-06-03,2025-06-05,30
6월 1주차 (6.2.~6.6.),1,스마트 경남,2일,2025-06-04,2025-06-05,20
6월 1주차 (6.2.~6.6.),1,중대재해 예방 실무 과정,1일,2025-06-05,2025-06-05,100
6월 2주차 (6.9.~6.13.),22,중견리더 과정,43주,2025-02-17,2025-12-12,88
6월 2주차 (6.9.~6.13.),3,신규임용(후보)자 과정,3주,2025-06-09,2025-06-27,90
6월 2주차 (6.9.~6.13.),5,신규공무원 역량향상 심화 과정,3일,2025-06-11,2025-06-13,40
6월 2주차 (6.9.~6.13.),2,기획능력 향상 과정,3일,2025-06-11,2025-06-13,30
6월 2주차 (6.9.~6.13.),3,재난관리 실무 과정,3일,2025-06-11,2025-06-13,40
6월 2주차 (6.9.~6.13.),1,디지털 행정 서비스 과정(★),2일,2025-06-12,2025-06-12,30
6월 3주차 (6.16.~6.20.),22,중견리더 과정,43주,2025-02-17,2025-12-12,88
6월 3주차 (6.16.~6.20.),3,신규임용(후보)자 과정,3주,2025-06-09,2025-06-27,90
6월 3주차 (6.16.~6.20.),2,가야사 바로알기,3일,2025-06-18,2025-06-20,30
6월 3주차 (6.16.~6.20.),2,드론 이해와 실전 활용 과정,3일,2025-06-18,2025-06-20,20
6월 3주차 (6.16.~6.20.),1,시·군 팀장 역량향상 과정,3일,2025-06-18,2025-06-20,20
6월 4주차 (6.23.~6.27.),22,중견리더 과정,43주,2025-02-17,2025-12-12,88
6월 4주차 (6.23.~6.27.),3,신규임용(후보)자 과정,3주,2025-06-09,2025-06-27,90
6월 4주차 (6.23.~6.27.),1,재난안전 통신망 과정(★),2일,2025-06-26,2025-06-27,20
6월 4주차 (6.23.~6.27.),1,파워포인트 활용 과정,1일,2025-06-27,2025-06-27,30
7월 1주차 (6.30.~7.4.),22,중견리더 과정,43주,2025-02-17,2025-12-12,88
7월 1주차 (6.30.~7.4.),3,미래설계 과정,2주,2025-06-30,2025-07-11,50
7월 1주차 (6.30.~7.4.),1,디지털 리더십과 변화관리 과정(★),1일,2025-07-02,2025-07-02,20
7월 1주차 (6.30.~7.4.),6,신규공무원 역량향상 심화 과정,3일,2025-07-02,2025-07-04,40
7월 1주차 (6.30.~7.4.),1,면접관 양성 과정,3일,2025-07-02,2025-07-04,20
7월 1주차 (6.30.~7.4.),4,업무용 오피스 활용 과정,3일,2025-07-02,2025-07-04,30
7월 2주차 (7.7.~7.11.),22,중견리더 과정,43주,2025-02-17,2025-12-12,88
7월 2주차 (7.7.~7.11.),3,미래설계 과정,2주,2025-06-30,2025-07-11,50
7월 2주차 (7.7.~7.11.),2,6급 승진자 역량향상 과정,4일,2025-07-08,2025-07-11,20
7월 2주차 (7.7.~7.11.),1,투자활성화 과정,3일,2025-07-09,2025-07-11,20
7월 2주차 (7.7.~7.11.),2,스마트기기 활용 과정,3일,2025-07-09,2025-07-11,30
7월 2주차 (7.7.~7.11.),1,경남의 복지과정(★),2일,2025-07-10,2025-07-11,20
7월 3주차 (7.14.~7.18.),22,중견리더 과정,43주,2025-02-17,2025-12-12,88
7월 3주차 (7.14.~7.18.),2,명품 스피치 과정,3일,2025-07-16,2025-07-18,20
7월 3주차 (7.14.~7.18.),1,산림정책실무 과정,3일,2025-07-16,2025-07-18,30
7월 3주차 (7.14.~7.18.),2,전입공무원 역량 향상 과정,3일,2025-07-16,2025-07-18,30
7월 3주차 (7.14.~7.18.),3,한글 활용 과정,1일,2025-07-18,2025-07-18,30
7월 4주차 (7.21.~7.25.),22,중견리더 과정,43주,2025-02-17,2025-12-12,80
7월 4주차 (7.21.~7.25.),4,7·8급 승진자 역량향상 과정,4일,2025-07-22,2025-07-25,30
7월 4주차 (7.21.~7.25.),1,공공언어 바르게 쓰기,3일,2025-07-23,2025-07-25,30
7월 4주차 (7.21.~7.25.),2,생성형 AI실습 과정,3일,2025-07-23,2025-07-25,30
7월 4주차 (7.21.~7.25.),3,계약실무 과정,2일,2025-07-24,2025-07-25,20
7월 5주차 (7.28.~8.1.),22,중견리더 과정,43주,2025-02-17,2025-12-12,88
7월 5주차 (7.28.~8.1.),1,공공 노사관계 이해 과정(★),3일,2025-07-30,2025-08-01,20
7월 5주차 (7.28.~8.1.),1,경남 미래산업과 일자리 과정,3일,2025-07-30,2025-08-01,20
7월 5주차 (7.28.~8.1.),4,시·군 팀장 리더십 과정,3일,2025-07-30,2025-08-01,20
7월 5주차 (7.28.~8.1.),4,계약실무 과정,2일,2025-07-31,2025-08-01,20
7월 5주차 (7.28.~8.1.),3,엑셀 활용 과정,1일,2025-08-01,2025-08-01,30
8월 1주차 (8.4.~8.8.),22,중견리더 과정,43주,2025-02-17,2025-12-12,88
8월 1주차 (8.4.~8.8.),2,예산회계실무 과정,3일,2025-08-06,2025-08-08,30
8월 2주차 (8.11.~8.15.),22,중견리더 과정,43주,2025-02-17,2025-12-12,88
8월 2주차 (8.11.~8.15.),2,지방의회 공무원 실무역량 향상 과정,3일,2025-08-11,2025-08-13,30
8월 3주차 (8.18.~8.22.),22,중견리더 과정,43주,2025-02-17,2025-12-12,88
8월 4주차 (8.25.~8.29.),22,중견리더 과정,43주,2025-02-17,2025-12-12,88
9월 1주차 (9.1.~9.5.),22,중견리더 과정,43주,2025-02-17,2025-12-12,88
9월 1주차 (9.1.~9.5.),7,신규공무원 역량향상 심화 과정,3일,2025-09-03,2025-09-05,40
9월 1주차 (9.1.~9.5.),3,5급 관리자 리더십 과정,3일,2025-09-03,2025-09-05,20
9월 1주차 (9.1.~9.5.),2,인생 2모작 준비 과정,3일,2025-09-03,2025-09-05,30
9월 1주차 (9.1.~9.5.),2,행사실무 과정,2일,2025-09-04,2025-09-05,20
9월 1주차 (9.1.~9.5.),2,디자인 플랫폼 활용 과정,1일,2025-09-05,2025-09-05,30
9월 2주차 (9.8.~9.12.),22,중견리더 과정,43주,2025-02-17,2025-12-12,88
9월 2주차 (9.8.~9.12.),3,과장급 필수 역량향상 과정,4일,2025-09-09,2025-09-12,20
9월 2주차 (9.8.~9.12.),3,경남의 섬 과정,4일,2025-09-09,2025-09-12,30
9월 2주차 (9.8.~9.12.),5,7·8급 승진자 역량향상 과정,4일,2025-09-09,2025-09-12,30
9월 2주차 (9.8.~9.12.),3,드론 이해와 실전 활용 과정,3일,2025-09-10,2025-09-12,20
9월 2주차 (9.8.~9.12.),5,시·군 팀장 리더십 과정,3일,2025-09-10,2025-09-12,20
9월 2주차 (9.8.~9.12.),2,보조금 담당자 실무 과정(★),2일,2025-09-11,2025-09-12,30
9월 2주차 (9.8.~9.12.),2,식품 위생감시원 직무 교육 과정,1일,2025-09-12,2025-09-12,30
9월 3주차 (9.15.~9.19.),22,중견리더 과정,43주,2025-02-17,2025-12-12,88
9월 3주차 (9.15.~9.19.),4,미래설계 과정,2주,2025-09-15,2025-09-26,50
9월 3주차 (9.15.~9.19.),1,감사 업무 향상 과정,1일,2025-09-16,2025-09-16,20
9월 3주차 (9.15.~9.19.),2,시·군 팀장 역량향상 과정,3일,2025-09-17,2025-09-19,20
9월 3주차 (9.15.~9.19.),4,재난관리 실무 과정,3일,2025-09-17,2025-09-19,40
9월 3주차 (9.15.~9.19.),4,엑셀 활용 과정,1일,2025-09-19,2025-09-19,30
9월 4주차 (9.22.~9.26.),22,중견리더 과정,43주,2025-02-17,2025-12-12,88
9월 4주차 (9.22.~9.26.),4,미래설계 과정,2주,2025-09-15,2025-09-26,50
9월 4주차 (9.22.~9.26.),1,우주항공산업 발전과 미래,3일,2025-09-24,2025-09-26,20
9월 4주차 (9.22.~9.26.),8,신규공무원 역량향상 심화 과정,3일,2025-09-24,2025-09-26,40
9월 4주차 (9.22.~9.26.),2,항노화산업 탐방 과정,3일,2025-09-24,2025-09-26,30
9월 4주차 (9.22.~9.26.),2,승마 과정,3일,2025-09-24,2025-09-26,20
9월 4주차 (9.22.~9.26.),1,AI와 빅데이터 활용,3일,2025-09-24,2025-09-26,30
10월 1주차 (9.29.~10.3.),22,중견리더 과정,43주,2025-02-17,2025-12-12,88
10월 1주차 (9.29.~10.3.),3,6급 승진자 역량향상 과정,3일,2025-09-29,2025-10-02,20
10월 1주차 (9.29.~10.3.),2,재난안전 관리자 과정,1일,2025-09-30,2025-09-30,30
10월 1주차 (9.29.~10.3.),2,소통의 고수! 민원응대 스킬업 과정(★),2일,2025-10-01,2025-10-02,30
10월 1주차 (9.29.~10.3.),1,인포그래픽 활용 과정,2일,2025-10-01,2025-10-02,30
10월 1주차 (9.29.~10.3.),2,공직자 이해충돌 방지 과정,1일,2025-10-02,2025-10-02,30
10월 2주차 (10.6.~10.10.),22,중견리더 과정,43주,2025-02-17,2025-12-12,88
10월 3주차 (10.13.~10.17.),22,중견리더 과정,43주,2025-02-17,2025-12-12,88
10월 3주차 (10.13.~10.17.),5,미래설계 과정,2주,2025-10-13,2025-10-24,50
10월 3주차 (10.13.~10.17.),2,홍보실무 과정,2일,2025-10-16,2025-10-17,30
10월 3주차 (10.13.~10.17.),4,한글 활용 과정,1일,2025-10-17,2025-10-17,30
10월 4주차 (10.20.~10.24.),22,중견리더 과정,43주,2025-02-17,2025-12-12,88
10월 4주차 (10.20.~10.24.),5,미래설계 과정,2주,2025-10-13,2025-10-24,50
10월 4주차 (10.20.~10.24.),4,신규임용(후보)자 과정,3주,2025-10-20,2025-11-07,180
10월 4주차 (10.20.~10.24.),3,스마트기기 활용 과정,3일,2025-10-22,2025-10-24,30
10월 4주차 (10.20.~10.24.),4,드론 이해와 실전 활용 과정,3일,2025-10-22,2025-10-24,20
10월 4주차 (10.20.~10.24.),2,[교류]동서통합 문화관광 탐방 과정,3일,2025-10-22,2025-10-24,30
10월 4주차 (10.20.~10.24.),1,정수장 관리 실무,2일,2025-10-23,2025-10-24,20
10월 5주차 (10.27.~10.31.),22,중견리더 과정,43주,2025-02-17,2025-12-12,88
10월 5주차 (10.27.~10.31.),4,신규임용(후보)자 과정,3주,2025-10-20,2025-11-07,180
10월 5주차 (10.27.~10.31.),2,지리산 천왕봉 힐링 과정,3일,2025-10-29,2025-10-31,40
10월 5주차 (10.27.~10.31.),2,1인 방송과 영상제작 과정,3일,2025-10-29,2025-10-31,30
10월 5주차 (10.27.~10.31.),6,시·군 팀장 리더십 과정,3일,2025-10-29,2025-10-31,20
11월 1주차 (11.3.~11.7.),22,중견리더 과정,43주,2025-02-17,2025-12-12,88
11월 1주차 (11.3.~11.7.),4,신규임용(후보)자 과정,3주,2025-10-20,2025-11-07,180
11월 1주차 (11.3.~11.7.),5,신규임용(후보)자 과정,3주,2025-11-03,2025-11-21,180
11월 1주차 (11.3.~11.7.),6,7·8급 승진자 역량향상 과정,4일,2025-11-04,2025-11-07,30
11월 1주차 (11.3.~11.7.),2,공공언어 바르게 쓰기,3일,2025-11-05,2025-11-07,30
11월 1주차 (11.3.~11.7.),5,재난관리 실무 과정,3일,2025-11-05,2025-11-07,40
11월 1주차 (11.3.~11.7.),1,공공기관 소방안전 관리자 과정(★),3일,2025-11-05,2025-11-07,30
11월 1주차 (11.3.~11.7.),3,가야사 바로알기,3일,2025-11-05,2025-11-07,30
11월 1주차 (11.3.~11.7.),2,파워포인트 활용 과정,1일,2025-11-07,2025-11-07,30
11월 2주차 (11.10.~11.14.),22,중견리더 과정,43주,2025-02-17,2025-12-12,88
11월 2주차 (11.10.~11.14.),5,신규임용(후보)자 과정,3주,2025-11-03,2025-11-21,180
11월 2주차 (11.10.~11.14.),3,생성형 AI실습 과정,3일,2025-11-12,2025-11-14,30
11월 2주차 (11.10.~11.14.),2,경남의 복지과정(★),2일,2025-11-13,2025-11-14,20
11월 2주차 (11.10.~11.14.),4,"세대와 마음을 잇는 소통 ON, 공감 UP",2일,2025-11-13,2025-11-14,20
11월 3주차 (11.17.~11.21.),22,중견리더 과정,43주,2025-02-17,2025-12-12,88
11월 3주차 (11.17.~11.21.),5,신규임용(후보)자 과정,3주,2025-11-03,2025-11-21,180
11월 3주차 (11.17.~11.21.),6,신규임용(후보)자 과정,3주,2025-11-17,2025-12-05,180
11월 3주차 (11.17.~11.21.),3,시·군 팀장 역량향상 과정,3일,2025-11-19,2025-11-21,20
11월 3주차 (11.17.~11.21.),2,기후위기 적응·대응 과정,2일,2025-11-20,2025-11-21,20
11월 3주차 (11.17.~11.21.),5,엑셀 활용 과정,1일,2025-11-21,2025-11-21,30
11월 4주차 (11.24.~11.28.),22,중견리더 과정,43주,2025-02-17,2025-12-12,88
11월 4주차 (11.24.~11.28.),6,신규임용(후보)자 과정,3주,2025-11-17,2025-12-05,180
11월 4주차 (11.24.~11.28.),4,스마트기기 활용 과정,3일,2025-11-26,2025-11-28,30
11월 4주차 (11.24.~11.28.),2,중대재해 예방 실무 과정,1일,2025-11-28,2025-11-28,100
12월 1주차 (12.1.~12.5.),22,중견리더 과정,43주,2025-02-17,2025-12-12,88
12월 1주차 (12.1.~12.5.),6,신규임용(후보)자 과정,3주,2025-11-17,2025-12-05,180
12월 1주차 (12.1.~12.5.),7,신규임용(후보)자 과정,3주,2025-12-01,2025-12-19,180
12월 1주차 (12.1.~12.5.),3,명품 스피치 과정,3일,2025-12-03,2025-12-05,20
12월 1주차 (12.1.~12.5.),5,업무용 오피스 활용 과정,3일,2025-12-03,2025-12-05,30
12월 1주차 (12.1.~12.5.),2,다문화와 사회통합 교육과정(★),2일,2025-12-04,2025-12-05,20
12월 2주차 (12.8.~12.12.),22,중견리더 과정,43주,2025-02-17,2025-12-12,88
12월 2주차 (12.8.~12.12.),7,신규임용(후보)자 과정,3주,2025-12-01,2025-12-19,180
12월 2주차 (12.8.~12.12.),6,한글 활용 과정,1일,2025-12-12,2025-12-12,30
12월 3주차 (12.15.~12.19.),7,신규임용(후보)자 과정,3주,2025-12-01,2025-12-19,180
12월 3주차 (12.15.~12.19.),3,전입공무원 역량 향상 과정,1일,2025-12-17,2025-12-19,30
12월 3주차 (12.15.~12.19.),3,기획능력 향상 과정,3일,2025-12-17,2025-12-19,30
12월 3주차 (12.15.~12.19.),6,재난관리 실무 과정,3일,2025-12-17,2025-12-19,40
12월 3주차 (12.15.~12.19.),7,시·군 팀장 리더십 과정,3일,2025-12-17,2025-12-19,20
